tau,scale_factor_a
5e-05,1.9999968749926778
0.025050000000000204,1.9984325332495778
0.05005000000000092,1.9968645092286452
0.0750499999999999,1.9952927826416649
0.10004999999999714,1.993717333024203
0.1250499999999944,1.992138139733525
0.15004999999999163,1.9905551819464644
0.17504999999998888,1.9889684386572708
0.20004999999998613,1.9873778886754054
0.22504999999998337,1.985783510623336
0.2500499999999806,1.9841852829342685
0.27504999999997787,1.982583183849852
0.3000499999999751,1.9809771914178615
0.32504999999997236,1.979367283489827
0.3500499999999696,1.9777534377186372
0.37504999999996685,1.9761356315560934
0.4000499999999641,1.9745138422504471
0.42504999999996135,1.9728880468438823
0.4500499999999586,1.9712582221699524
0.47504999999995584,1.9696243448509991
0.5000499999999531,1.9679863912955093
0.5250499999999504,1.9663443376954466
0.5500499999999476,1.9646981600235167
0.5750499999999449,1.9630478340304238
0.6000499999999421,1.961393335242048
0.6250499999999394,1.9597346389566108
0.6500499999999366,1.9580717202417626
0.6750499999999339,1.9564045539316353
0.7000499999999311,1.954733114623865
0.7250499999999284,1.9530573766765398
0.7500499999999256,1.951377314205114
0.7750499999999229,1.9496929010792645
0.8000499999999201,1.9480041109196937
0.8250499999999173,1.94631091709489
0.8500499999999146,1.944613292717827
0.8750499999999118,1.9429112106426025
0.9000499999999091,1.9412046434610304
0.9250499999999063,1.9394935634991817
0.9500499999999036,1.9377779428138444
0.9750499999999008,1.9360577531889496
1.0000499999998982,1.9343329661319115
1.025049999999951,1.932603552869942
1.0500500000000037,1.9308694843462537
1.0750500000000565,1.9291307312162338
1.1000500000001092,1.9273872638435539
1.125050000000162,1.925639052296183
1.1500500000002147,1.9238860663423623
1.1750500000002675,1.9221282754464857
1.2000500000003202,1.9203656487649292
1.225050000000373,1.9185981551418
1.2500500000004258,1.916825763104603
1.2750500000004785,1.91504844085984
1.3000500000005313,1.913266156288532
1.325050000000584,1.9114788769416484
1.3500500000006368,1.9096865700354768
1.3750500000006896,1.907889202446889
1.4000500000007423,1.9060867407085353
1.425050000000795,1.904279151003947
1.4500500000008478,1.902466399162555
1.4750500000009006,1.900648450654606
1.5000500000009533,1.8988252705860036
1.525050000001006,1.8969968236930344
1.5500500000010589,1.895163074337024
1.5750500000011116,1.8933239864988667
1.6000500000011644,1.891479523773466
1.6250500000012171,1.8896296493640834
1.65005000000127,1.8877743260765534
1.6750500000013226,1.885913516313431
1.7000500000013754,1.884047182067973
1.7250500000014282,1.8821752849180655
1.750050000001481,1.8802977860200007
1.7750500000015337,1.8784146461021423
1.8000500000015864,1.8765258254584671
1.8250500000016392,1.874631283941992
1.850050000001692,1.872730980958067
1.8750500000017447,1.870824875457543
1.9000500000017975,1.8689129259297959
1.9250500000018502,1.866995090395636
1.950050000001903,1.8650713264000562
1.9750500000019557,1.8631415910048494
2.000050000002008,1.8612058407810785
2.02505000000195,1.8592640318014024
2.0500500000018915,1.857316119632227
2.0750500000018333,1.8553620593257372
2.100050000001775,1.8534018054117332
2.1250500000017167,1.8514353118893188
2.1500500000016585,1.8494625322184233
2.1750500000016,1.8474834193111411
2.200050000001542,1.8454979255229094
2.2250500000014837,1.8435060026434829
2.2500500000014254,1.841507601887745
2.275050000001367,1.839502673886317
2.300050000001309,1.8374911686759745
2.3250500000012506,1.8354730356898659
2.3500500000011924,1.8334482237475158
2.375050000001134,1.831416681044636
2.400050000001076,1.8293783551427096
2.4250500000010176,1.8273331929583483
2.4500500000009593,1.8252811407524379
2.475050000000901,1.8232221441190388
2.5000500000008428,1.82115614797405
2.5250500000007845,1.8190830965436349
2.5500500000007262,1.8170029333523856
2.575050000000668,1.814915601211236
2.6000500000006097,1.8128210422050979
2.6250500000005514,1.8107191976802557
2.650050000000493,1.808610008231445
2.675050000000435,1.8064934136886528
2.7000500000003766,1.8043693531036502
2.7250500000003184,1.8022377647361827
2.75005000000026,1.8000985860398817
2.775050000000202,1.797951753647843
2.8000500000001436,1.7957972033578617
2.8250500000000853,1.7936348701173648
2.850050000000027,1.791464688007969
2.875049999999969,1.7892865902296888
2.9000499999999105,1.7871005090847847
2.9250499999998523,1.7849063759612225
2.950049999999794,1.78270412131576
2.9750499999997357,1.780493674656626
3.0000499999996775,1.7782749645257827
3.025049999999619,1.776047918480782
3.050049999999561,1.7738124630761765
3.0750499999995027,1.7715685238444823
3.1000499999994444,1.7693160252766997
3.125049999999386,1.767054890802335
3.150049999999328,1.7647850427689482
3.1750499999992696,1.7625064024212076
3.2000499999992114,1.7602188898794056
3.225049999999153,1.7579224241174642
3.250049999999095,1.7556169229403826
3.2750499999990366,1.75330230296111
3.3000499999989783,1.7509784795768633
3.32504999999892,1.7486453669448119
3.3500499999988618,1.7463028779571692
3.3750499999988035,1.7439509242156306
3.4000499999987452,1.741589416005169
3.425049999998687,1.7392182622671384
3.4500499999986287,1.7368373705716817
3.4750499999985704,1.7344466470894206
3.500049999998512,1.7320459965624062
3.525049999998454,1.7296353222742804
3.5500499999983957,1.7272145260196752
3.5750499999983374,1.7247835080727512
3.600049999998279,1.7223421671549415
3.625049999998221,1.7198904004017803
3.6500499999981626,1.7174281033288552
3.6750499999981043,1.7149551697968028
3.700049999998046,1.712471491975373
3.725049999997988,1.709976960306476
3.7500499999979295,1.7074714634662076
3.7750499999978713,1.7049548883258
3.800049999997813,1.7024271199114975
3.8250499999977547,1.6998880413632844
3.8500499999976965,1.6973375338924064
3.875049999997638,1.694775476737725
3.90004999999758,1.692201747120775
3.9250499999975217,1.6896162201995342
3.9500499999974634,1.687018769020837
3.975049999997405,1.6844092644713877
4.000049999997347,1.681787575227331
4.025049999997289,1.6791535677023146
4.05004999999723,1.6765071059940084
4.075049999997172,1.6738480518289953
4.100049999997114,1.6711762645060082
4.125049999997056,1.668491600837411
4.150049999996997,1.6657939150889187
4.175049999996939,1.663083058917414
4.200049999996881,1.6603588813068508
4.2250499999968225,1.6576212285021406
4.250049999996764,1.6548699439409698
4.275049999996706,1.6521048681834318
4.300049999996648,1.64932583883942
4.3250499999965895,1.6465326904936866
4.350049999996531,1.6437252546284684
4.375049999996473,1.640903359543585
4.400049999996415,1.6380668302739332
4.425049999996356,1.6352154885042192
4.450049999996298,1.6323491524808862
4.47504999999624,1.6294676369210637
4.500049999996182,1.6265707529184454
4.525049999996123,1.6236583078459783
4.550049999996065,1.6207301052551943
4.575049999996007,1.6177859447720917
4.6000499999959485,1.614825621989378
4.62504999999589,1.6118489283549529
4.650049999995832,1.6088556510564425
4.675049999995774,1.6058455729016352
4.7000499999957155,1.602818472194641
4.725049999995657,1.599774122607571
4.750049999995599,1.5967122930475612
4.775049999995541,1.5936327475189112
4.800049999995482,1.5905352449801435
4.825049999995424,1.5874195391957249
4.850049999995366,1.5842853785822633
4.875049999995308,1.5811325060488328
4.900049999995249,1.5779606588312614
4.925049999995191,1.5747695683200271
4.950049999995133,1.571558959881489
4.975049999995075,1.5683285526721404
